atm_id,transaction_id,amount,status,timestamp,city
ATM011,TXN0001,1441.14,Success,2025-06-07 22:21:00,Delhi
ATM007,TXN0002,3198.89,Success,2025-06-23 20:54:00,Chennai
ATM004,TXN0003,496.09,Success,2025-06-13 19:00:00,Chennai
ATM008,TXN0004,1295.74,Success,2025-06-22 08:12:00,Chennai
ATM008,TXN0005,1901.98,Success,2025-06-10 22:49:00,Chennai
ATM003,TXN0006,4991.44,Success,2025-06-29 07:25:00,Chennai
ATM010,TXN0007,3401.85,Success,2025-06-11 00:07:00,Chennai
ATM010,TXN0008,2531.33,Success,2025-06-25 14:21:00,Chennai
ATM014,TXN0009,0.0,Success,2025-06-10 01:43:00,Mumbai
ATM010,TXN0010,3335.37,Success,2025-06-30 23:54:00,Chennai
ATM006,TXN0011,1359.89,Success,2025-06-05 07:29:00,Bengaluru
ATM019,TXN0012,4410.81,Success,2025-06-29 17:20:00,Kolkata
ATM012,TXN0013,2857.46,Success,2025-06-12 01:06:00,Mumbai
ATM020,TXN0014,4736.54,Success,2025-06-01 02:12:00,Bengaluru
ATM017,TXN0015,4967.53,Success,2025-06-24 02:34:00,Kolkata
ATM001,TXN0016,2991.73,Success,2025-06-03 20:22:00,Delhi
ATM020,TXN0017,4100.46,Pending,2025-06-06 17:19:00,Bengaluru
ATM011,TXN0018,4995.84,Success,2025-06-26 00:02:00,Delhi
ATM013,TXN0019,595.45,Success,2025-06-17 15:41:00,Delhi
ATM006,TXN0020,2135.17,Success,2025-06-01 02:06:00,Bengaluru
ATM015,TXN0021,0.0,Success,2025-06-20 19:58:00,Kolkata
ATM005,TXN0022,2843.79,Success,2025-06-21 17:37:00,Kolkata
ATM007,TXN0023,1121.67,Success,2025-06-16 01:08:00,Chennai
ATM003,TXN0024,1934.35,Success,2025-06-12 01:34:00,Chennai
ATM003,TXN0025,0.0,Success,2025-06-02 15:38:00,Chennai
ATM006,TXN0026,1524.1,Success,2025-06-11 20:52:00,Bengaluru
ATM012,TXN0027,0.0,Success,2025-06-01 18:10:00,Mumbai
ATM010,TXN0028,0.0,Success,2025-06-26 11:45:00,Chennai
ATM018,TXN0029,2855.41,Pending,2025-06-16 23:16:00,Delhi
ATM016,TXN0030,0.0,Success,2025-06-28 08:44:00,Mumbai
ATM019,TXN0031,4380.72,Success,2025-06-25 13:31:00,Kolkata
ATM002,TXN0032,1716.42,Failed,2025-06-07 16:13:00,Kolkata
ATM017,TXN0033,2576.37,Failed,2025-06-15 09:03:00,Kolkata
ATM004,TXN0034,2764.13,Success,2025-06-01 18:06:00,Chennai
ATM013,TXN0035,2852.91,Success,2025-06-08 03:00:00,Delhi
ATM008,TXN0036,4530.47,Success,2025-06-25 18:27:00,Chennai
ATM004,TXN0037,3217.78,Success,2025-06-19 04:40:00,Chennai
ATM019,TXN0038,2802.34,Pending,2025-06-29 02:13:00,Kolkata
ATM012,TXN0039,1073.66,Success,2025-06-01 21:42:00,Mumbai
ATM006,TXN0040,2657.9,Success,2025-06-05 16:50:00,Bengaluru
ATM012,TXN0041,256.88,Success,2025-06-03 00:14:00,Mumbai
ATM016,TXN0042,134.78,Success,2025-06-18 00:00:00,Mumbai
ATM015,TXN0043,2783.79,Success,2025-06-28 19:22:00,Kolkata
ATM015,TXN0044,1382.28,Success,2025-06-23 11:33:00,Kolkata
ATM013,TXN0045,1410.45,Success,2025-06-25 10:16:00,Delhi
ATM017,TXN0046,1578.8,Success,2025-06-22 22:20:00,Kolkata
ATM012,TXN0047,2601.53,Failed,2025-06-12 16:23:00,Mumbai
ATM014,TXN0048,3426.27,Failed,2025-06-27 15:40:00,Mumbai
ATM010,TXN0049,1493.13,Success,2025-06-23 17:27:00,Chennai
ATM002,TXN0050,2847.55,Success,2025-06-24 12:44:00,Kolkata
ATM007,TXN0051,3953.78,Success,2025-06-11 17:09:00,Chennai
ATM020,TXN0052,3026.67,Success,2025-06-30 09:21:00,Bengaluru
ATM016,TXN0053,3794.6,Success,2025-06-23 09:04:00,Mumbai
ATM006,TXN0054,1589.25,Success,2025-06-04 22:49:00,Bengaluru
ATM013,TXN0055,1719.91,Success,2025-06-18 10:27:00,Delhi
ATM012,TXN0056,4559.99,Success,2025-06-17 11:56:00,Mumbai
ATM007,TXN0057,2074.28,Success,2025-06-15 08:08:00,Chennai
ATM003,TXN0058,2439.63,Success,2025-06-08 14:55:00,Chennai
ATM019,TXN0059,4068.82,Success,2025-06-18 21:22:00,Kolkata
ATM010,TXN0060,4287.81,Success,2025-06-28 16:26:00,Chennai
ATM015,TXN0061,0.0,Success,2025-06-09 21:48:00,Kolkata
ATM017,TXN0062,4639.28,Success,2025-06-18 21:49:00,Kolkata
ATM003,TXN0063,3768.32,Pending,2025-06-05 13:40:00,Chennai
ATM018,TXN0064,4492.68,Success,2025-06-01 21:38:00,Delhi
ATM017,TXN0065,1540.02,Success,2025-06-05 06:12:00,Kolkata
ATM012,TXN0066,3960.47,Success,2025-06-08 16:36:00,Mumbai
ATM020,TXN0067,909.17,Success,2025-06-06 07:53:00,Bengaluru
ATM004,TXN0068,2960.86,Success,2025-06-25 00:09:00,Chennai
ATM004,TXN0069,2367.99,Success,2025-06-11 01:01:00,Chennai
ATM012,TXN0070,3092.41,Success,2025-06-23 21:05:00,Mumbai
ATM014,TXN0071,3319.13,Failed,2025-06-08 13:02:00,Mumbai
ATM013,TXN0072,1781.75,Success,2025-06-03 20:34:00,Delhi
ATM009,TXN0073,1904.63,Success,2025-06-03 20:33:00,Kolkata
ATM013,TXN0074,3095.52,Pending,2025-06-30 13:26:00,Delhi
ATM016,TXN0075,1275.12,Success,2025-06-23 23:23:00,Mumbai
ATM008,TXN0076,1202.14,Success,2025-06-12 12:34:00,Chennai
ATM014,TXN0077,1245.77,Success,2025-06-02 18:56:00,Mumbai
ATM015,TXN0078,2289.55,Success,2025-06-25 01:15:00,Kolkata
ATM020,TXN0079,4577.13,Success,2025-06-18 10:28:00,Bengaluru
ATM017,TXN0080,4819.04,Success,2025-06-11 20:59:00,Kolkata
ATM009,TXN0081,792.71,Success,2025-06-10 15:16:00,Kolkata
ATM012,TXN0082,1887.6,Success,2025-06-27 08:24:00,Mumbai
ATM019,TXN0083,3490.68,Success,2025-06-15 11:43:00,Kolkata
ATM020,TXN0084,425.91,Success,2025-06-10 02:33:00,Bengaluru
ATM004,TXN0085,3767.04,Success,2025-06-20 05:00:00,Chennai
ATM016,TXN0086,1848.29,Success,2025-06-20 11:52:00,Mumbai
ATM015,TXN0087,0.0,Pending,2025-06-09 01:19:00,Kolkata
ATM012,TXN0088,3788.92,Success,2025-06-24 11:19:00,Mumbai
ATM020,TXN0089,2060.41,Failed,2025-06-01 09:18:00,Bengaluru
ATM020,TXN0090,3308.14,Success,2025-06-05 04:37:00,Bengaluru
ATM006,TXN0091,3015.07,Failed,2025-06-01 05:03:00,Bengaluru
ATM006,TXN0092,1092.09,Failed,2025-06-10 03:27:00,Bengaluru
ATM009,TXN0093,3487.26,Success,2025-06-09 03:28:00,Kolkata
ATM009,TXN0094,3048.96,Success,2025-06-28 12:20:00,Kolkata
ATM011,TXN0095,130.22,Success,2025-06-16 22:03:00,Delhi
ATM015,TXN0096,474.54,Success,2025-06-22 04:23:00,Kolkata
ATM013,TXN0097,4316.52,Failed,2025-06-26 12:07:00,Delhi
ATM008,TXN0098,2159.17,Failed,2025-06-04 15:31:00,Chennai
ATM004,TXN0099,3544.17,Success,2025-06-22 03:33:00,Chennai
ATM007,TXN0100,2518.25,Success,2025-06-10 00:50:00,Chennai
ATM002,TXN0101,2703.39,Success,2025-06-02 04:02:00,Kolkata
ATM018,TXN0102,4733.83,Success,2025-06-29 16:45:00,Delhi
ATM001,TXN0103,0.0,Failed,2025-06-09 14:14:00,Delhi
ATM020,TXN0104,988.15,Pending,2025-06-12 16:00:00,Bengaluru
ATM001,TXN0105,1871.06,Success,2025-06-30 05:02:00,Delhi
ATM003,TXN0106,4756.0,Success,2025-06-29 16:01:00,Chennai
ATM016,TXN0107,2741.63,Success,2025-06-04 02:44:00,Mumbai
ATM018,TXN0108,3425.28,Success,2025-06-16 18:41:00,Delhi
ATM002,TXN0109,1512.72,Success,2025-06-22 11:27:00,Kolkata
ATM012,TXN0110,777.15,Success,2025-06-15 14:49:00,Mumbai
ATM015,TXN0111,2641.07,Failed,2025-06-05 13:07:00,Kolkata
ATM007,TXN0112,2038.72,Success,2025-06-06 13:17:00,Chennai
ATM007,TXN0113,1556.07,Success,2025-06-24 14:24:00,Chennai
ATM009,TXN0114,2836.71,Success,2025-06-22 08:54:00,Kolkata
ATM002,TXN0115,4698.94,Success,2025-06-26 20:31:00,Kolkata
ATM020,TXN0116,713.09,Success,2025-06-17 20:10:00,Bengaluru
ATM006,TXN0117,763.65,Failed,2025-06-24 13:54:00,Bengaluru
ATM014,TXN0118,4095.69,Success,2025-06-29 01:05:00,Mumbai
ATM009,TXN0119,0.0,Success,2025-06-17 18:30:00,Kolkata
ATM015,TXN0120,1983.91,Success,2025-06-26 05:30:00,Kolkata
ATM015,TXN0121,1405.62,Success,2025-06-20 19:32:00,Kolkata
ATM020,TXN0122,2358.7,Failed,2025-06-11 00:07:00,Bengaluru
ATM013,TXN0123,1087.31,Failed,2025-06-26 11:48:00,Delhi
ATM011,TXN0124,2411.73,Success,2025-06-14 03:01:00,Delhi
ATM014,TXN0125,3146.26,Success,2025-06-25 17:12:00,Mumbai
ATM018,TXN0126,4201.29,Success,2025-06-01 00:50:00,Delhi
ATM011,TXN0127,705.69,Success,2025-06-28 09:42:00,Delhi
ATM005,TXN0128,0.0,Success,2025-06-14 15:23:00,Kolkata
ATM019,TXN0129,3159.01,Success,2025-06-30 14:11:00,Kolkata
ATM009,TXN0130,1664.19,Success,2025-06-21 05:26:00,Kolkata
ATM011,TXN0131,3420.65,Success,2025-06-10 09:15:00,Delhi
ATM003,TXN0132,1582.02,Success,2025-06-21 00:25:00,Chennai
ATM018,TXN0133,4094.26,Success,2025-06-18 03:44:00,Delhi
ATM018,TXN0134,855.21,Success,2025-06-22 21:41:00,Delhi
ATM019,TXN0135,4483.47,Success,2025-06-10 18:02:00,Kolkata
ATM008,TXN0136,0.0,Failed,2025-06-19 07:16:00,Chennai
ATM007,TXN0137,1534.21,Success,2025-06-07 10:53:00,Chennai
ATM006,TXN0138,1277.53,Success,2025-06-18 10:15:00,Bengaluru
ATM019,TXN0139,1428.63,Success,2025-06-06 23:05:00,Kolkata
ATM013,TXN0140,3682.86,Success,2025-06-20 03:05:00,Delhi
ATM003,TXN0141,4364.51,Success,2025-06-15 13:14:00,Chennai
ATM013,TXN0142,4997.3,Success,2025-06-13 10:00:00,Delhi
ATM020,TXN0143,1272.82,Success,2025-06-02 00:24:00,Bengaluru
ATM020,TXN0144,4547.61,Success,2025-06-07 14:44:00,Bengaluru
ATM003,TXN0145,4909.86,Success,2025-06-27 18:06:00,Chennai
ATM009,TXN0146,4513.46,Success,2025-06-22 08:05:00,Kolkata
ATM005,TXN0147,0.0,Success,2025-06-03 22:56:00,Kolkata
ATM006,TXN0148,4710.32,Success,2025-06-06 10:45:00,Bengaluru
ATM018,TXN0149,0.0,Success,2025-06-13 22:49:00,Delhi
ATM020,TXN0150,3382.01,Success,2025-06-15 02:41:00,Bengaluru
ATM016,TXN0151,154.88,Success,2025-06-13 12:03:00,Mumbai
ATM003,TXN0152,671.55,Success,2025-06-16 05:15:00,Chennai
ATM016,TXN0153,3553.5,Success,2025-06-17 08:00:00,Mumbai
ATM004,TXN0154,4218.57,Success,2025-06-27 11:13:00,Chennai
ATM018,TXN0155,416.58,Success,2025-06-05 00:04:00,Delhi
ATM005,TXN0156,3927.05,Success,2025-06-25 11:39:00,Kolkata
ATM002,TXN0157,3683.5,Success,2025-06-03 16:18:00,Kolkata
ATM015,TXN0158,0.0,Success,2025-06-26 14:50:00,Kolkata
ATM012,TXN0159,2646.8,Success,2025-06-02 14:37:00,Mumbai
ATM009,TXN0160,2822.96,Success,2025-06-07 05:47:00,Kolkata
ATM010,TXN0161,4040.8,Success,2025-06-13 10:50:00,Chennai
ATM003,TXN0162,735.21,Success,2025-06-15 11:20:00,Chennai
ATM015,TXN0163,1770.86,Success,2025-06-05 22:23:00,Kolkata
ATM010,TXN0164,264.51,Success,2025-06-28 06:31:00,Chennai
ATM020,TXN0165,3863.68,Success,2025-06-24 22:55:00,Bengaluru
ATM006,TXN0166,3053.15,Failed,2025-06-10 20:59:00,Bengaluru
ATM011,TXN0167,160.7,Success,2025-06-21 06:13:00,Delhi
ATM005,TXN0168,2470.89,Success,2025-06-24 06:20:00,Kolkata
ATM013,TXN0169,1492.09,Success,2025-06-17 13:45:00,Delhi
ATM014,TXN0170,513.54,Success,2025-06-13 16:02:00,Mumbai
ATM017,TXN0171,3356.59,Success,2025-06-30 15:31:00,Kolkata
ATM018,TXN0172,4767.64,Success,2025-06-04 11:26:00,Delhi
ATM016,TXN0173,0.0,Success,2025-06-13 04:11:00,Mumbai
ATM005,TXN0174,4176.35,Success,2025-06-28 14:27:00,Kolkata
ATM007,TXN0175,2055.13,Success,2025-06-04 12:30:00,Chennai
ATM008,TXN0176,4667.09,Failed,2025-06-20 20:01:00,Chennai
ATM003,TXN0177,0.0,Success,2025-06-10 23:16:00,Chennai
ATM006,TXN0178,2563.23,Success,2025-06-28 19:03:00,Bengaluru
ATM011,TXN0179,4710.9,Success,2025-06-02 03:56:00,Delhi
ATM010,TXN0180,1320.18,Pending,2025-06-12 08:11:00,Chennai
ATM013,TXN0181,4142.67,Failed,2025-06-30 23:53:00,Delhi
ATM017,TXN0182,2555.09,Success,2025-06-27 02:30:00,Kolkata
ATM017,TXN0183,1582.51,Success,2025-06-15 18:10:00,Kolkata
ATM017,TXN0184,2279.51,Success,2025-06-30 17:00:00,Kolkata
ATM010,TXN0185,4091.98,Failed,2025-06-24 20:21:00,Chennai
ATM006,TXN0186,4829.61,Failed,2025-06-15 09:59:00,Bengaluru
ATM014,TXN0187,867.25,Pending,2025-06-15 06:29:00,Mumbai
ATM001,TXN0188,4543.07,Success,2025-06-12 00:46:00,Delhi
ATM003,TXN0189,848.12,Success,2025-06-06 13:56:00,Chennai
ATM016,TXN0190,0.0,Failed,2025-06-25 03:51:00,Mumbai
ATM004,TXN0191,0.0,Success,2025-06-24 18:42:00,Chennai
ATM006,TXN0192,3956.09,Pending,2025-06-17 19:17:00,Bengaluru
ATM010,TXN0193,1732.36,Success,2025-06-19 15:43:00,Chennai
ATM008,TXN0194,0.0,Success,2025-06-14 04:59:00,Chennai
ATM011,TXN0195,1598.51,Success,2025-06-27 11:47:00,Delhi
ATM001,TXN0196,308.62,Success,2025-06-09 11:49:00,Delhi
ATM016,TXN0197,4652.65,Failed,2025-06-20 21:42:00,Mumbai
ATM005,TXN0198,3331.21,Success,2025-06-09 11:26:00,Kolkata
ATM007,TXN0199,1890.13,Success,2025-06-01 19:45:00,Chennai
ATM011,TXN0200,4789.46,Success,2025-06-19 13:05:00,Delhi
ATM019,TXN0201,0.0,Success,2025-06-10 21:17:00,Kolkata
ATM012,TXN0202,986.03,Success,2025-06-10 22:49:00,Mumbai
ATM018,TXN0203,3509.83,Success,2025-06-17 14:09:00,Delhi
ATM005,TXN0204,2269.38,Success,2025-06-30 10:48:00,Kolkata
ATM019,TXN0205,4784.2,Success,2025-06-26 22:51:00,Kolkata
ATM009,TXN0206,4932.61,Pending,2025-06-25 01:38:00,Kolkata
ATM016,TXN0207,3900.38,Success,2025-06-06 09:03:00,Mumbai
ATM014,TXN0208,4645.57,Success,2025-06-19 03:19:00,Mumbai
ATM002,TXN0209,0.0,Success,2025-06-26 22:05:00,Kolkata
ATM004,TXN0210,1614.52,Success,2025-06-02 06:14:00,Chennai
ATM011,TXN0211,650.13,Success,2025-06-21 12:29:00,Delhi
ATM014,TXN0212,2289.12,Success,2025-06-17 11:23:00,Mumbai
ATM013,TXN0213,727.72,Success,2025-06-23 03:16:00,Delhi
ATM016,TXN0214,1536.44,Success,2025-06-20 22:15:00,Mumbai
ATM010,TXN0215,3935.87,Success,2025-06-24 15:25:00,Chennai
ATM011,TXN0216,1074.65,Success,2025-06-20 23:09:00,Delhi
ATM007,TXN0217,3265.83,Success,2025-06-22 23:07:00,Chennai
ATM006,TXN0218,2037.94,Success,2025-06-21 14:23:00,Bengaluru
ATM006,TXN0219,1451.21,Success,2025-06-08 11:55:00,Bengaluru
ATM008,TXN0220,3854.74,Success,2025-06-14 08:09:00,Chennai
ATM003,TXN0221,3712.34,Success,2025-06-02 09:19:00,Chennai
ATM009,TXN0222,4129.66,Success,2025-06-17 20:19:00,Kolkata
ATM007,TXN0223,2407.77,Failed,2025-06-24 19:08:00,Chennai
ATM011,TXN0224,4206.76,Success,2025-06-29 19:03:00,Delhi
ATM018,TXN0225,4680.04,Success,2025-06-03 17:30:00,Delhi
ATM010,TXN0226,1053.14,Success,2025-06-26 15:46:00,Chennai
ATM018,TXN0227,3901.85,Success,2025-06-06 03:04:00,Delhi
ATM016,TXN0228,2655.77,Success,2025-06-14 12:02:00,Mumbai
ATM014,TXN0229,367.69,Failed,2025-06-23 11:24:00,Mumbai
ATM006,TXN0230,2749.51,Success,2025-06-30 03:46:00,Bengaluru
ATM008,TXN0231,3136.93,Success,2025-06-23 04:07:00,Chennai
ATM011,TXN0232,3267.53,Pending,2025-06-14 01:03:00,Delhi
ATM018,TXN0233,1068.96,Success,2025-06-26 07:35:00,Delhi
ATM017,TXN0234,2773.63,Success,2025-06-04 14:25:00,Kolkata
ATM019,TXN0235,3253.15,Success,2025-06-28 02:29:00,Kolkata
ATM020,TXN0236,2717.59,Success,2025-06-04 06:09:00,Bengaluru
ATM017,TXN0237,3682.07,Success,2025-06-11 22:12:00,Kolkata
ATM017,TXN0238,3391.36,Success,2025-06-14 07:47:00,Kolkata
ATM013,TXN0239,127.47,Success,2025-06-21 20:40:00,Delhi
ATM009,TXN0240,159.05,Success,2025-06-18 21:42:00,Kolkata
ATM003,TXN0241,239.66,Success,2025-06-18 22:53:00,Chennai
ATM006,TXN0242,1040.17,Success,2025-06-21 13:12:00,Bengaluru
ATM013,TXN0243,4669.31,Success,2025-06-30 06:06:00,Delhi
ATM016,TXN0244,4393.14,Success,2025-06-01 11:09:00,Mumbai
ATM005,TXN0245,919.69,Success,2025-06-05 21:09:00,Kolkata
ATM012,TXN0246,2151.44,Success,2025-06-18 17:09:00,Mumbai
ATM007,TXN0247,358.97,Success,2025-06-21 23:25:00,Chennai
ATM015,TXN0248,2849.11,Failed,2025-06-30 02:34:00,Kolkata
ATM019,TXN0249,611.27,Pending,2025-06-07 17:20:00,Kolkata
ATM003,TXN0250,493.31,Success,2025-06-28 14:31:00,Chennai
ATM010,TXN0251,821.36,Success,2025-06-06 00:51:00,Chennai
ATM009,TXN0252,2665.36,Success,2025-06-03 08:56:00,Kolkata
ATM020,TXN0253,1761.91,Success,2025-06-02 19:11:00,Bengaluru
ATM018,TXN0254,4286.64,Success,2025-06-15 06:15:00,Delhi
ATM002,TXN0255,4096.08,Success,2025-06-28 07:36:00,Kolkata
ATM019,TXN0256,1371.15,Success,2025-06-18 00:59:00,Kolkata
ATM014,TXN0257,358.78,Success,2025-06-22 03:24:00,Mumbai
ATM009,TXN0258,2675.23,Pending,2025-06-12 07:02:00,Kolkata
ATM004,TXN0259,4911.33,Success,2025-06-13 17:33:00,Chennai
ATM010,TXN0260,4939.94,Success,2025-06-27 17:36:00,Chennai
ATM015,TXN0261,3762.69,Success,2025-06-12 20:22:00,Kolkata
ATM006,TXN0262,790.36,Success,2025-06-24 05:23:00,Bengaluru
ATM017,TXN0263,2483.81,Success,2025-06-14 11:43:00,Kolkata
ATM018,TXN0264,796.14,Success,2025-06-01 07:25:00,Delhi
ATM007,TXN0265,1288.66,Success,2025-06-16 19:43:00,Chennai
ATM012,TXN0266,2049.65,Success,2025-06-04 01:54:00,Mumbai
ATM018,TXN0267,1151.91,Success,2025-06-09 04:12:00,Delhi
ATM008,TXN0268,0.0,Success,2025-06-14 09:36:00,Chennai
ATM006,TXN0269,1458.14,Success,2025-06-27 03:32:00,Bengaluru
ATM016,TXN0270,3436.19,Success,2025-06-23 17:01:00,Mumbai
ATM004,TXN0271,3744.8,Success,2025-06-05 19:08:00,Chennai
ATM017,TXN0272,323.05,Success,2025-06-28 08:40:00,Kolkata
ATM014,TXN0273,2349.99,Success,2025-06-02 09:08:00,Mumbai
ATM019,TXN0274,1456.65,Success,2025-06-25 00:50:00,Kolkata
ATM007,TXN0275,4132.31,Success,2025-06-09 10:09:00,Chennai
ATM011,TXN0276,2185.11,Success,2025-06-02 18:02:00,Delhi
ATM019,TXN0277,3872.21,Success,2025-06-23 12:44:00,Kolkata
ATM016,TXN0278,3240.92,Success,2025-06-07 17:55:00,Mumbai
ATM001,TXN0279,886.26,Success,2025-06-05 14:20:00,Delhi
ATM016,TXN0280,817.16,Success,2025-06-09 22:39:00,Mumbai
ATM014,TXN0281,1569.96,Success,2025-06-30 20:18:00,Mumbai
ATM004,TXN0282,1607.1,Success,2025-06-09 13:07:00,Chennai
ATM008,TXN0283,2894.6,Success,2025-06-18 03:28:00,Chennai
ATM020,TXN0284,370.3,Success,2025-06-23 16:09:00,Bengaluru
ATM010,TXN0285,463.64,Success,2025-06-22 15:40:00,Chennai
ATM005,TXN0286,3916.08,Success,2025-06-12 06:07:00,Kolkata
ATM017,TXN0287,4205.08,Failed,2025-06-10 08:13:00,Kolkata
ATM001,TXN0288,276.73,Success,2025-06-13 20:00:00,Delhi
ATM017,TXN0289,0.0,Failed,2025-06-22 06:21:00,Kolkata
ATM003,TXN0290,4737.46,Success,2025-06-25 07:49:00,Chennai
ATM005,TXN0291,4833.82,Success,2025-06-14 15:16:00,Kolkata
ATM005,TXN0292,1395.69,Success,2025-06-02 00:14:00,Kolkata
ATM010,TXN0293,759.7,Success,2025-06-20 13:01:00,Chennai
ATM005,TXN0294,1122.8,Pending,2025-06-15 22:26:00,Kolkata
ATM007,TXN0295,1931.52,Success,2025-06-22 00:03:00,Chennai
ATM002,TXN0296,3236.23,Success,2025-06-12 00:16:00,Kolkata
ATM020,TXN0297,4981.12,Failed,2025-06-15 06:18:00,Bengaluru
ATM014,TXN0298,3623.3,Success,2025-06-25 04:20:00,Mumbai
ATM016,TXN0299,1403.92,Success,2025-06-20 18:45:00,Mumbai
ATM008,TXN0300,1336.3,Success,2025-06-16 14:52:00,Chennai
ATM004,TXN0301,3192.55,Success,2025-06-29 18:05:00,Chennai
ATM007,TXN0302,3930.37,Success,2025-06-24 19:51:00,Chennai
ATM007,TXN0303,0.0,Success,2025-06-21 22:24:00,Chennai
ATM002,TXN0304,3856.85,Pending,2025-06-05 02:48:00,Kolkata
ATM007,TXN0305,4226.81,Pending,2025-06-15 20:19:00,Chennai
ATM016,TXN0306,1878.98,Success,2025-06-29 21:05:00,Mumbai
ATM013,TXN0307,1867.37,Success,2025-06-01 09:35:00,Delhi
ATM015,TXN0308,2632.37,Success,2025-06-21 18:35:00,Kolkata
ATM016,TXN0309,679.69,Success,2025-06-05 05:39:00,Mumbai
ATM014,TXN0310,0.0,Success,2025-06-24 04:53:00,Mumbai
ATM010,TXN0311,4724.83,Success,2025-06-02 22:45:00,Chennai
ATM012,TXN0312,2570.83,Success,2025-06-12 20:26:00,Mumbai
ATM019,TXN0313,270.0,Success,2025-06-04 18:35:00,Kolkata
ATM018,TXN0314,574.66,Success,2025-06-13 22:57:00,Delhi
ATM015,TXN0315,724.71,Success,2025-06-10 01:41:00,Kolkata
ATM010,TXN0316,4113.11,Pending,2025-06-19 08:48:00,Chennai
ATM019,TXN0317,3935.08,Pending,2025-06-06 18:32:00,Kolkata
ATM003,TXN0318,4845.12,Success,2025-06-27 05:33:00,Chennai
ATM009,TXN0319,1212.98,Success,2025-06-24 06:16:00,Kolkata
ATM017,TXN0320,0.0,Success,2025-06-12 20:13:00,Kolkata
ATM019,TXN0321,340.54,Success,2025-06-12 13:21:00,Kolkata
ATM007,TXN0322,792.25,Success,2025-06-24 08:31:00,Chennai
ATM018,TXN0323,2145.8,Pending,2025-06-21 23:10:00,Delhi
ATM011,TXN0324,4386.17,Success,2025-06-29 10:53:00,Delhi
ATM009,TXN0325,1569.82,Failed,2025-06-02 19:11:00,Kolkata
ATM018,TXN0326,241.13,Success,2025-06-13 12:42:00,Delhi
ATM003,TXN0327,2360.99,Success,2025-06-25 08:57:00,Chennai
ATM020,TXN0328,0.0,Success,2025-06-07 00:40:00,Bengaluru
ATM012,TXN0329,4806.93,Success,2025-06-19 04:19:00,Mumbai
ATM004,TXN0330,3857.32,Success,2025-06-21 20:37:00,Chennai
ATM013,TXN0331,1891.16,Success,2025-06-14 14:02:00,Delhi
ATM019,TXN0332,3157.28,Success,2025-06-03 21:52:00,Kolkata
ATM007,TXN0333,4155.49,Success,2025-06-22 08:00:00,Chennai
ATM011,TXN0334,579.04,Failed,2025-06-20 07:02:00,Delhi
ATM019,TXN0335,1341.76,Success,2025-06-26 02:26:00,Kolkata
ATM015,TXN0336,0.0,Success,2025-06-03 07:48:00,Kolkata
ATM017,TXN0337,2111.46,Success,2025-06-01 15:06:00,Kolkata
ATM007,TXN0338,1575.21,Success,2025-06-08 11:16:00,Chennai
ATM008,TXN0339,0.0,Success,2025-06-15 02:15:00,Chennai
ATM020,TXN0340,1477.18,Success,2025-06-28 22:40:00,Bengaluru
ATM002,TXN0341,2868.3,Success,2025-06-25 17:15:00,Kolkata
ATM015,TXN0342,2735.78,Success,2025-06-28 01:06:00,Kolkata
ATM015,TXN0343,2222.87,Success,2025-06-21 18:26:00,Kolkata
ATM013,TXN0344,3582.64,Failed,2025-06-22 06:48:00,Delhi
ATM014,TXN0345,3872.17,Success,2025-06-15 16:35:00,Mumbai
ATM005,TXN0346,898.1,Success,2025-06-05 11:51:00,Kolkata
ATM004,TXN0347,3710.52,Success,2025-06-22 09:12:00,Chennai
ATM002,TXN0348,2914.45,Success,2025-06-12 17:19:00,Kolkata
ATM017,TXN0349,3997.87,Success,2025-06-10 17:58:00,Kolkata
ATM014,TXN0350,759.91,Success,2025-06-20 22:26:00,Mumbai
ATM017,TXN0351,0.0,Success,2025-06-23 04:09:00,Kolkata
ATM009,TXN0352,0.0,Success,2025-06-11 05:09:00,Kolkata
ATM019,TXN0353,1375.43,Success,2025-06-30 01:15:00,Kolkata
ATM010,TXN0354,1333.34,Success,2025-06-11 00:24:00,Chennai
ATM017,TXN0355,2063.21,Success,2025-06-27 10:57:00,Kolkata
ATM001,TXN0356,1673.15,Success,2025-06-24 02:57:00,Delhi
ATM001,TXN0357,1283.81,Success,2025-06-13 14:40:00,Delhi
ATM018,TXN0358,4492.04,Failed,2025-06-07 01:15:00,Delhi
ATM002,TXN0359,4710.46,Success,2025-06-26 07:44:00,Kolkata
ATM005,TXN0360,3815.95,Success,2025-06-04 21:14:00,Kolkata
ATM009,TXN0361,0.0,Success,2025-06-03 03:17:00,Kolkata
ATM008,TXN0362,0.0,Success,2025-06-02 15:45:00,Chennai
ATM012,TXN0363,4582.82,Success,2025-06-16 11:54:00,Mumbai
ATM016,TXN0364,2654.77,Success,2025-06-01 13:07:00,Mumbai
ATM001,TXN0365,304.22,Failed,2025-06-30 22:02:00,Delhi
ATM008,TXN0366,584.77,Success,2025-06-29 20:01:00,Chennai
ATM004,TXN0367,3398.34,Success,2025-06-01 04:55:00,Chennai
ATM016,TXN0368,3268.19,Success,2025-06-30 07:26:00,Mumbai
ATM018,TXN0369,3079.3,Success,2025-06-20 02:15:00,Delhi
ATM008,TXN0370,3151.9,Pending,2025-06-10 15:55:00,Chennai
ATM008,TXN0371,2918.7,Success,2025-06-29 11:39:00,Chennai
ATM015,TXN0372,4918.95,Success,2025-06-28 19:17:00,Kolkata
ATM008,TXN0373,1665.07,Success,2025-06-27 21:49:00,Chennai
ATM004,TXN0374,602.24,Success,2025-06-13 08:03:00,Chennai
ATM018,TXN0375,0.0,Success,2025-06-07 01:04:00,Delhi
ATM018,TXN0376,2802.36,Failed,2025-06-04 16:37:00,Delhi
ATM012,TXN0377,1089.72,Success,2025-06-11 11:51:00,Mumbai
ATM020,TXN0378,1656.8,Failed,2025-06-12 18:18:00,Bengaluru
ATM003,TXN0379,1397.36,Success,2025-06-11 09:56:00,Chennai
ATM003,TXN0380,3066.97,Success,2025-06-11 07:16:00,Chennai
ATM004,TXN0381,2788.25,Success,2025-06-06 19:06:00,Chennai
ATM012,TXN0382,3114.85,Success,2025-06-11 12:05:00,Mumbai
ATM019,TXN0383,2527.46,Success,2025-06-30 21:45:00,Kolkata
ATM014,TXN0384,548.5,Success,2025-06-17 17:29:00,Mumbai
ATM013,TXN0385,1369.05,Success,2025-06-30 15:18:00,Delhi
ATM010,TXN0386,2687.44,Success,2025-06-17 16:39:00,Chennai
ATM008,TXN0387,4349.41,Success,2025-06-28 11:46:00,Chennai
ATM006,TXN0388,866.58,Success,2025-06-01 03:27:00,Bengaluru
ATM012,TXN0389,104.25,Success,2025-06-15 16:58:00,Mumbai
ATM019,TXN0390,1316.7,Success,2025-06-16 22:10:00,Kolkata
ATM015,TXN0391,1984.6,Success,2025-06-12 16:23:00,Kolkata
ATM001,TXN0392,3202.13,Success,2025-06-09 13:17:00,Delhi
ATM016,TXN0393,510.78,Success,2025-06-11 07:19:00,Mumbai
ATM017,TXN0394,3330.47,Success,2025-06-09 14:12:00,Kolkata
ATM004,TXN0395,470.87,Success,2025-06-14 11:16:00,Chennai
ATM018,TXN0396,4998.09,Success,2025-06-02 04:19:00,Delhi
ATM007,TXN0397,199.56,Success,2025-06-21 00:40:00,Chennai
ATM005,TXN0398,1193.53,Success,2025-06-30 19:07:00,Kolkata
ATM007,TXN0399,4140.61,Success,2025-06-20 12:34:00,Chennai
ATM002,TXN0400,0.0,Success,2025-06-17 05:46:00,Kolkata
ATM014,TXN0401,1990.51,Success,2025-06-01 16:15:00,Mumbai
ATM011,TXN0402,0.0,Success,2025-06-02 21:25:00,Delhi
ATM005,TXN0403,2182.98,Success,2025-06-20 07:15:00,Kolkata
ATM019,TXN0404,0.0,Success,2025-06-18 06:09:00,Kolkata
ATM008,TXN0405,2465.18,Success,2025-06-05 17:35:00,Chennai
ATM008,TXN0406,172.31,Success,2025-06-01 10:00:00,Chennai
ATM005,TXN0407,4263.96,Success,2025-06-14 10:11:00,Kolkata
ATM011,TXN0408,2851.5,Success,2025-06-07 00:51:00,Delhi
ATM002,TXN0409,4863.19,Success,2025-06-09 19:59:00,Kolkata
ATM001,TXN0410,3942.03,Success,2025-06-15 01:22:00,Delhi
ATM019,TXN0411,2176.16,Success,2025-06-13 09:38:00,Kolkata
ATM001,TXN0412,619.82,Pending,2025-06-29 15:02:00,Delhi
ATM008,TXN0413,3286.65,Success,2025-06-05 22:08:00,Chennai
ATM003,TXN0414,0.0,Success,2025-06-14 23:09:00,Chennai
ATM008,TXN0415,1819.36,Success,2025-06-03 23:05:00,Chennai
ATM019,TXN0416,3699.76,Success,2025-06-22 09:53:00,Kolkata
ATM019,TXN0417,2391.61,Success,2025-06-21 01:02:00,Kolkata
ATM012,TXN0418,1793.23,Success,2025-06-22 22:38:00,Mumbai
ATM014,TXN0419,2445.46,Success,2025-06-23 07:17:00,Mumbai
ATM016,TXN0420,4816.11,Success,2025-06-16 23:19:00,Mumbai
ATM009,TXN0421,775.49,Success,2025-06-06 17:48:00,Kolkata
ATM006,TXN0422,2188.64,Success,2025-06-16 00:11:00,Bengaluru
ATM012,TXN0423,4956.8,Success,2025-06-25 16:26:00,Mumbai
ATM008,TXN0424,2171.45,Failed,2025-06-17 09:20:00,Chennai
ATM016,TXN0425,588.64,Success,2025-06-01 19:29:00,Mumbai
ATM011,TXN0426,4386.8,Success,2025-06-17 20:31:00,Delhi
ATM009,TXN0427,1314.15,Pending,2025-06-15 19:32:00,Kolkata
ATM004,TXN0428,1128.92,Success,2025-06-11 18:05:00,Chennai
ATM011,TXN0429,0.0,Success,2025-06-10 21:13:00,Delhi
ATM016,TXN0430,897.94,Success,2025-06-18 15:41:00,Mumbai
ATM002,TXN0431,264.54,Pending,2025-06-26 23:54:00,Kolkata
ATM001,TXN0432,1613.27,Success,2025-06-21 03:02:00,Delhi
ATM020,TXN0433,3634.06,Success,2025-06-15 19:21:00,Bengaluru
ATM003,TXN0434,2345.38,Failed,2025-06-25 14:09:00,Chennai
ATM016,TXN0435,0.0,Success,2025-06-05 03:22:00,Mumbai
ATM008,TXN0436,2198.35,Success,2025-06-24 19:35:00,Chennai
ATM001,TXN0437,1821.66,Success,2025-06-26 16:20:00,Delhi
ATM004,TXN0438,4229.15,Success,2025-06-05 16:21:00,Chennai
ATM004,TXN0439,0.0,Success,2025-06-01 14:09:00,Chennai
ATM009,TXN0440,546.88,Success,2025-06-02 07:29:00,Kolkata
ATM012,TXN0441,2795.66,Success,2025-06-04 04:39:00,Mumbai
ATM003,TXN0442,0.0,Success,2025-06-20 17:08:00,Chennai
ATM006,TXN0443,4615.11,Pending,2025-06-23 08:40:00,Bengaluru
ATM001,TXN0444,1774.98,Failed,2025-06-10 09:06:00,Delhi
ATM020,TXN0445,4997.25,Failed,2025-06-17 09:26:00,Bengaluru
ATM008,TXN0446,2898.63,Success,2025-06-20 03:05:00,Chennai
ATM012,TXN0447,295.29,Success,2025-06-06 11:22:00,Mumbai
ATM011,TXN0448,4560.13,Failed,2025-06-23 05:17:00,Delhi
ATM014,TXN0449,863.64,Success,2025-06-29 23:43:00,Mumbai
ATM012,TXN0450,4988.72,Success,2025-06-08 19:05:00,Mumbai
ATM006,TXN0451,4663.38,Success,2025-06-21 04:05:00,Bengaluru
ATM016,TXN0452,2429.49,Success,2025-06-27 05:55:00,Mumbai
ATM019,TXN0453,4723.37,Failed,2025-06-23 22:03:00,Kolkata
ATM009,TXN0454,2013.52,Failed,2025-06-24 12:07:00,Kolkata
ATM019,TXN0455,0.0,Success,2025-06-02 19:37:00,Kolkata
ATM020,TXN0456,3395.67,Success,2025-06-05 14:22:00,Bengaluru
ATM003,TXN0457,1962.57,Success,2025-06-25 21:29:00,Chennai
ATM018,TXN0458,3686.62,Success,2025-06-13 21:18:00,Delhi
ATM009,TXN0459,2109.71,Success,2025-06-11 21:48:00,Kolkata
ATM017,TXN0460,4729.53,Success,2025-06-04 12:50:00,Kolkata
ATM001,TXN0461,843.14,Success,2025-06-18 22:35:00,Delhi
ATM004,TXN0462,4066.49,Success,2025-06-20 21:53:00,Chennai
ATM017,TXN0463,197.15,Failed,2025-06-10 13:43:00,Kolkata
ATM005,TXN0464,2792.32,Success,2025-06-07 17:41:00,Kolkata
ATM008,TXN0465,4453.43,Success,2025-06-08 14:12:00,Chennai
ATM011,TXN0466,708.12,Success,2025-06-01 05:11:00,Delhi
ATM005,TXN0467,4091.27,Success,2025-06-29 23:34:00,Kolkata
ATM008,TXN0468,3374.17,Success,2025-06-20 15:29:00,Chennai
ATM001,TXN0469,1648.82,Success,2025-06-13 06:46:00,Delhi
ATM014,TXN0470,2339.21,Pending,2025-06-29 07:53:00,Mumbai
ATM002,TXN0471,4710.65,Success,2025-06-23 10:57:00,Kolkata
ATM013,TXN0472,4828.49,Success,2025-06-26 19:10:00,Delhi
ATM007,TXN0473,474.28,Success,2025-06-21 07:23:00,Chennai
ATM015,TXN0474,4901.65,Failed,2025-06-09 22:35:00,Kolkata
ATM007,TXN0475,4539.1,Success,2025-06-05 14:21:00,Chennai
ATM015,TXN0476,2476.26,Success,2025-06-14 05:20:00,Kolkata
ATM013,TXN0477,3861.07,Success,2025-06-24 20:52:00,Delhi
ATM018,TXN0478,3596.87,Success,2025-06-14 23:44:00,Delhi
ATM012,TXN0479,871.05,Success,2025-06-07 04:07:00,Mumbai
ATM005,TXN0480,3183.12,Success,2025-06-09 13:36:00,Kolkata
ATM014,TXN0481,1805.0,Success,2025-06-03 07:02:00,Mumbai
ATM012,TXN0482,0.0,Success,2025-06-01 12:13:00,Mumbai
ATM007,TXN0483,3302.59,Success,2025-06-05 05:04:00,Chennai
ATM011,TXN0484,907.12,Failed,2025-06-05 17:31:00,Delhi
ATM019,TXN0485,0.0,Success,2025-06-03 01:40:00,Kolkata
ATM010,TXN0486,4998.93,Success,2025-06-03 22:01:00,Chennai
ATM019,TXN0487,2735.64,Success,2025-06-02 01:22:00,Kolkata
ATM005,TXN0488,0.0,Success,2025-06-11 01:17:00,Kolkata
ATM014,TXN0489,1649.63,Success,2025-06-01 19:46:00,Mumbai
ATM005,TXN0490,128.59,Failed,2025-06-28 01:00:00,Kolkata
ATM010,TXN0491,376.34,Success,2025-06-02 10:07:00,Chennai
ATM010,TXN0492,3865.29,Success,2025-06-08 14:39:00,Chennai
ATM001,TXN0493,2834.91,Success,2025-06-29 09:28:00,Delhi
ATM019,TXN0494,1095.21,Success,2025-06-26 09:05:00,Kolkata
ATM001,TXN0495,792.01,Success,2025-06-18 16:14:00,Delhi
ATM018,TXN0496,1363.47,Success,2025-06-12 07:32:00,Delhi
ATM001,TXN0497,0.0,Success,2025-06-28 03:44:00,Delhi
ATM018,TXN0498,2043.53,Success,2025-06-12 08:55:00,Delhi
ATM007,TXN0499,2598.75,Success,2025-06-24 01:32:00,Chennai
ATM003,TXN0500,4563.75,Pending,2025-06-21 15:38:00,Chennai
ATM012,TXN0501,485.29,Success,2025-06-26 15:53:00,Mumbai
ATM012,TXN0502,3371.83,Success,2025-06-05 12:07:00,Mumbai
ATM019,TXN0503,3120.17,Success,2025-06-27 10:54:00,Kolkata
ATM013,TXN0504,1603.74,Success,2025-06-07 14:50:00,Delhi
ATM003,TXN0505,2383.42,Success,2025-06-08 12:34:00,Chennai
ATM017,TXN0506,4769.13,Success,2025-06-24 22:02:00,Kolkata
ATM006,TXN0507,1743.24,Success,2025-06-22 01:55:00,Bengaluru
ATM009,TXN0508,0.0,Success,2025-06-01 17:15:00,Kolkata
ATM008,TXN0509,513.0,Success,2025-06-18 16:08:00,Chennai
ATM007,TXN0510,2553.66,Failed,2025-06-04 15:43:00,Chennai
ATM016,TXN0511,4297.14,Success,2025-06-24 03:36:00,Mumbai
ATM009,TXN0512,3306.16,Pending,2025-06-17 23:44:00,Kolkata
ATM002,TXN0513,4310.24,Success,2025-06-12 04:49:00,Kolkata
ATM003,TXN0514,1832.95,Success,2025-06-23 23:02:00,Chennai
ATM005,TXN0515,3722.08,Success,2025-06-04 05:09:00,Kolkata
ATM011,TXN0516,4097.89,Success,2025-06-06 23:25:00,Delhi
ATM008,TXN0517,1513.26,Success,2025-06-26 11:45:00,Chennai
ATM015,TXN0518,0.0,Success,2025-06-19 10:14:00,Kolkata
ATM003,TXN0519,0.0,Success,2025-06-02 18:38:00,Chennai
ATM009,TXN0520,3280.33,Success,2025-06-12 04:24:00,Kolkata
ATM001,TXN0521,1916.01,Success,2025-06-16 08:08:00,Delhi
ATM006,TXN0522,373.11,Success,2025-06-21 10:10:00,Bengaluru
ATM016,TXN0523,2104.55,Success,2025-06-14 11:15:00,Mumbai
ATM014,TXN0524,120.91,Success,2025-06-01 07:47:00,Mumbai
ATM016,TXN0525,4755.86,Success,2025-06-20 08:16:00,Mumbai
ATM012,TXN0526,0.0,Failed,2025-06-26 21:09:00,Mumbai
ATM003,TXN0527,1162.73,Success,2025-06-11 15:28:00,Chennai
ATM010,TXN0528,2337.26,Success,2025-06-23 02:04:00,Chennai
ATM020,TXN0529,3226.58,Success,2025-06-02 06:45:00,Bengaluru
ATM006,TXN0530,3444.4,Success,2025-06-15 22:07:00,Bengaluru
ATM019,TXN0531,2595.23,Success,2025-06-27 04:27:00,Kolkata
ATM002,TXN0532,4334.13,Success,2025-06-15 03:21:00,Kolkata
ATM005,TXN0533,4237.9,Success,2025-06-24 09:24:00,Kolkata
ATM019,TXN0534,1480.18,Success,2025-06-03 21:04:00,Kolkata
ATM020,TXN0535,0.0,Success,2025-06-02 04:56:00,Bengaluru
ATM007,TXN0536,4500.74,Success,2025-06-04 22:07:00,Chennai
ATM007,TXN0537,3615.89,Success,2025-06-29 09:02:00,Chennai
ATM012,TXN0538,2470.56,Failed,2025-06-10 12:33:00,Mumbai
ATM013,TXN0539,794.65,Success,2025-06-27 09:18:00,Delhi
ATM010,TXN0540,4230.87,Success,2025-06-22 20:34:00,Chennai
ATM001,TXN0541,1518.23,Success,2025-06-21 08:07:00,Delhi
ATM016,TXN0542,1693.05,Success,2025-06-13 22:33:00,Mumbai
ATM018,TXN0543,4909.08,Success,2025-06-30 05:51:00,Delhi
ATM013,TXN0544,2297.05,Success,2025-06-28 05:57:00,Delhi
ATM010,TXN0545,4377.93,Success,2025-06-21 22:28:00,Chennai
ATM013,TXN0546,1655.7,Success,2025-06-12 09:22:00,Delhi
ATM003,TXN0547,4537.75,Success,2025-06-11 00:52:00,Chennai
ATM020,TXN0548,1748.09,Success,2025-06-29 09:52:00,Bengaluru
ATM005,TXN0549,3321.32,Success,2025-06-23 14:34:00,Kolkata
ATM002,TXN0550,3269.93,Failed,2025-06-19 00:10:00,Kolkata
ATM005,TXN0551,2198.44,Success,2025-06-02 12:59:00,Kolkata
ATM006,TXN0552,3594.84,Failed,2025-06-29 21:35:00,Bengaluru
ATM010,TXN0553,2339.28,Success,2025-06-09 23:14:00,Chennai
ATM010,TXN0554,665.72,Success,2025-06-18 18:44:00,Chennai
ATM016,TXN0555,384.4,Success,2025-06-07 11:15:00,Mumbai
ATM013,TXN0556,3545.75,Success,2025-06-23 22:14:00,Delhi
ATM004,TXN0557,337.77,Success,2025-06-18 08:59:00,Chennai
ATM018,TXN0558,4343.37,Success,2025-06-10 13:49:00,Delhi
ATM016,TXN0559,4339.3,Success,2025-06-20 16:23:00,Mumbai
ATM007,TXN0560,2202.91,Success,2025-06-02 05:48:00,Chennai
ATM018,TXN0561,3657.52,Success,2025-06-20 13:26:00,Delhi
ATM007,TXN0562,1499.05,Success,2025-06-06 18:00:00,Chennai
ATM010,TXN0563,781.2,Success,2025-06-06 13:21:00,Chennai
ATM010,TXN0564,625.5,Success,2025-06-20 09:48:00,Chennai
ATM014,TXN0565,3585.68,Success,2025-06-25 04:20:00,Mumbai
ATM011,TXN0566,4412.68,Success,2025-06-11 14:30:00,Delhi
ATM019,TXN0567,1507.92,Success,2025-06-21 18:02:00,Kolkata
ATM010,TXN0568,3537.24,Success,2025-06-11 04:24:00,Chennai
ATM005,TXN0569,2259.23,Failed,2025-06-22 15:59:00,Kolkata
ATM006,TXN0570,2159.0,Pending,2025-06-16 02:18:00,Bengaluru
ATM018,TXN0571,4959.75,Failed,2025-06-04 12:53:00,Delhi
ATM013,TXN0572,4474.09,Pending,2025-06-03 05:24:00,Delhi
ATM001,TXN0573,845.94,Success,2025-06-02 09:59:00,Delhi
ATM005,TXN0574,4745.82,Success,2025-06-18 14:37:00,Kolkata
ATM004,TXN0575,946.5,Success,2025-06-15 10:33:00,Chennai
ATM010,TXN0576,3166.45,Success,2025-06-01 06:17:00,Chennai
ATM016,TXN0577,4756.41,Success,2025-06-18 07:49:00,Mumbai
ATM009,TXN0578,4306.18,Success,2025-06-06 01:28:00,Kolkata
ATM013,TXN0579,238.38,Success,2025-06-25 04:46:00,Delhi
ATM010,TXN0580,4643.22,Success,2025-06-17 01:36:00,Chennai
ATM019,TXN0581,0.0,Pending,2025-06-24 14:34:00,Kolkata
ATM011,TXN0582,1670.94,Success,2025-06-14 00:22:00,Delhi
ATM007,TXN0583,4102.79,Success,2025-06-30 11:53:00,Chennai
ATM006,TXN0584,1578.18,Success,2025-06-30 17:09:00,Bengaluru
ATM019,TXN0585,0.0,Success,2025-06-06 11:49:00,Kolkata
ATM016,TXN0586,4706.6,Success,2025-06-18 11:32:00,Mumbai
ATM009,TXN0587,407.41,Success,2025-06-01 12:06:00,Kolkata
ATM004,TXN0588,802.65,Success,2025-06-15 05:26:00,Chennai
ATM005,TXN0589,2105.42,Success,2025-06-11 03:13:00,Kolkata
ATM015,TXN0590,1485.48,Success,2025-06-15 19:14:00,Kolkata
ATM010,TXN0591,2520.24,Success,2025-06-18 16:58:00,Chennai
ATM002,TXN0592,4080.63,Pending,2025-06-13 08:43:00,Kolkata
ATM003,TXN0593,963.34,Success,2025-06-21 02:12:00,Chennai
ATM013,TXN0594,2988.3,Success,2025-06-13 07:57:00,Delhi
ATM018,TXN0595,3036.81,Failed,2025-06-11 21:21:00,Delhi
ATM009,TXN0596,3593.27,Success,2025-06-15 18:19:00,Kolkata
ATM009,TXN0597,659.31,Success,2025-06-02 22:40:00,Kolkata
ATM007,TXN0598,2846.19,Success,2025-06-27 16:24:00,Chennai
ATM010,TXN0599,1560.7,Success,2025-06-29 05:29:00,Chennai
ATM004,TXN0600,1003.81,Pending,2025-06-26 00:58:00,Chennai
ATM018,TXN0601,295.03,Success,2025-06-01 06:05:00,Delhi
ATM019,TXN0602,1960.3,Failed,2025-06-02 05:45:00,Kolkata
ATM006,TXN0603,718.81,Success,2025-06-22 20:40:00,Bengaluru
ATM005,TXN0604,871.88,Success,2025-06-06 01:01:00,Kolkata
ATM014,TXN0605,4374.9,Success,2025-06-14 16:26:00,Mumbai
ATM005,TXN0606,2590.62,Success,2025-06-10 21:52:00,Kolkata
ATM012,TXN0607,2003.2,Success,2025-06-25 22:38:00,Mumbai
ATM017,TXN0608,3155.35,Success,2025-06-05 11:01:00,Kolkata
ATM015,TXN0609,186.98,Failed,2025-06-01 00:37:00,Kolkata
ATM003,TXN0610,3623.45,Pending,2025-06-20 21:21:00,Chennai
ATM014,TXN0611,3460.84,Success,2025-06-13 21:42:00,Mumbai
ATM019,TXN0612,298.88,Success,2025-06-17 17:55:00,Kolkata
ATM008,TXN0613,3435.84,Success,2025-06-28 13:47:00,Chennai
ATM009,TXN0614,3702.42,Success,2025-06-23 06:38:00,Kolkata
ATM004,TXN0615,367.62,Success,2025-06-20 08:28:00,Chennai
ATM012,TXN0616,111.21,Success,2025-06-16 07:52:00,Mumbai
ATM003,TXN0617,314.18,Pending,2025-06-15 10:22:00,Chennai
ATM007,TXN0618,806.1,Success,2025-06-25 08:18:00,Chennai
ATM004,TXN0619,3164.1,Success,2025-06-23 03:41:00,Chennai
ATM016,TXN0620,1689.61,Success,2025-06-16 08:56:00,Mumbai
ATM008,TXN0621,3579.35,Failed,2025-06-29 20:03:00,Chennai
ATM005,TXN0622,4111.93,Success,2025-06-11 13:11:00,Kolkata
ATM011,TXN0623,0.0,Success,2025-06-16 04:07:00,Delhi
ATM015,TXN0624,3013.08,Success,2025-06-08 00:57:00,Kolkata
ATM004,TXN0625,1518.14,Success,2025-06-05 02:04:00,Chennai
ATM005,TXN0626,106.54,Success,2025-06-07 05:50:00,Kolkata
ATM019,TXN0627,2522.91,Success,2025-06-27 02:03:00,Kolkata
ATM006,TXN0628,2634.33,Success,2025-06-03 13:11:00,Bengaluru
ATM018,TXN0629,703.87,Success,2025-06-23 08:44:00,Delhi
ATM004,TXN0630,1413.85,Success,2025-06-09 00:16:00,Chennai
ATM004,TXN0631,2235.43,Success,2025-06-17 08:59:00,Chennai
ATM013,TXN0632,1673.23,Success,2025-06-18 16:08:00,Delhi
ATM006,TXN0633,3717.81,Success,2025-06-11 17:41:00,Bengaluru
ATM012,TXN0634,525.81,Success,2025-06-08 19:25:00,Mumbai
ATM006,TXN0635,788.96,Success,2025-06-05 17:20:00,Bengaluru
ATM018,TXN0636,4756.56,Success,2025-06-30 12:52:00,Delhi
ATM001,TXN0637,0.0,Success,2025-06-14 16:55:00,Delhi
ATM002,TXN0638,3167.35,Success,2025-06-16 09:39:00,Kolkata
ATM017,TXN0639,2007.96,Success,2025-06-11 21:01:00,Kolkata
ATM009,TXN0640,0.0,Success,2025-06-07 17:43:00,Kolkata
ATM012,TXN0641,2274.02,Success,2025-06-23 21:13:00,Mumbai
ATM015,TXN0642,4255.01,Success,2025-06-09 22:15:00,Kolkata
ATM017,TXN0643,381.98,Success,2025-06-02 05:25:00,Kolkata
ATM013,TXN0644,4467.44,Success,2025-06-01 02:08:00,Delhi
ATM016,TXN0645,1550.9,Success,2025-06-08 19:15:00,Mumbai
ATM002,TXN0646,852.44,Success,2025-06-26 03:04:00,Kolkata
ATM003,TXN0647,0.0,Pending,2025-06-25 09:31:00,Chennai
ATM017,TXN0648,4488.66,Failed,2025-06-29 18:29:00,Kolkata
ATM005,TXN0649,569.65,Success,2025-06-28 17:15:00,Kolkata
ATM017,TXN0650,0.0,Failed,2025-06-21 05:31:00,Kolkata
ATM006,TXN0651,2474.41,Success,2025-06-03 19:06:00,Bengaluru
ATM018,TXN0652,1523.49,Success,2025-06-24 13:24:00,Delhi
ATM013,TXN0653,4146.5,Success,2025-06-24 17:28:00,Delhi
ATM001,TXN0654,0.0,Success,2025-06-15 18:28:00,Delhi
ATM016,TXN0655,1981.94,Success,2025-06-03 11:36:00,Mumbai
ATM004,TXN0656,999.43,Success,2025-06-14 01:57:00,Chennai
ATM002,TXN0657,2210.45,Success,2025-06-04 06:43:00,Kolkata
ATM012,TXN0658,2086.39,Success,2025-06-02 07:07:00,Mumbai
ATM020,TXN0659,3474.16,Success,2025-06-14 18:43:00,Bengaluru
ATM007,TXN0660,2114.49,Success,2025-06-04 17:11:00,Chennai
ATM016,TXN0661,4349.86,Success,2025-06-12 11:58:00,Mumbai
ATM012,TXN0662,0.0,Success,2025-06-16 07:29:00,Mumbai
ATM019,TXN0663,1016.51,Success,2025-06-21 18:49:00,Kolkata
ATM011,TXN0664,276.79,Success,2025-06-26 12:48:00,Delhi
ATM003,TXN0665,0.0,Success,2025-06-17 08:37:00,Chennai
ATM020,TXN0666,1423.32,Failed,2025-06-18 21:21:00,Bengaluru
ATM011,TXN0667,545.74,Pending,2025-06-12 18:45:00,Delhi
ATM014,TXN0668,756.93,Success,2025-06-09 10:00:00,Mumbai
ATM005,TXN0669,3306.05,Success,2025-06-21 11:15:00,Kolkata
ATM007,TXN0670,1188.32,Failed,2025-06-08 04:14:00,Chennai
ATM018,TXN0671,0.0,Success,2025-06-07 20:43:00,Delhi
ATM015,TXN0672,0.0,Success,2025-06-06 19:00:00,Kolkata
ATM019,TXN0673,4452.78,Success,2025-06-18 23:45:00,Kolkata
ATM014,TXN0674,3271.57,Failed,2025-06-20 10:36:00,Mumbai
ATM002,TXN0675,3087.18,Success,2025-06-03 09:51:00,Kolkata
ATM016,TXN0676,2919.2,Success,2025-06-09 04:43:00,Mumbai
ATM011,TXN0677,2114.33,Success,2025-06-29 05:12:00,Delhi
ATM016,TXN0678,1638.48,Success,2025-06-06 16:31:00,Mumbai
ATM003,TXN0679,0.0,Success,2025-06-13 22:21:00,Chennai
ATM011,TXN0680,703.39,Success,2025-06-15 11:50:00,Delhi
ATM020,TXN0681,1158.17,Success,2025-06-25 15:23:00,Bengaluru
ATM008,TXN0682,1694.65,Success,2025-06-10 11:06:00,Chennai
ATM015,TXN0683,2685.05,Success,2025-06-11 23:53:00,Kolkata
ATM013,TXN0684,1927.76,Failed,2025-06-01 23:17:00,Delhi
ATM011,TXN0685,1918.58,Failed,2025-06-23 22:01:00,Delhi
ATM002,TXN0686,4088.99,Success,2025-06-07 14:30:00,Kolkata
ATM014,TXN0687,4074.2,Success,2025-06-16 21:50:00,Mumbai
ATM019,TXN0688,3485.78,Success,2025-06-29 15:22:00,Kolkata
ATM010,TXN0689,3050.03,Pending,2025-06-15 02:17:00,Chennai
ATM010,TXN0690,4057.98,Success,2025-06-04 19:45:00,Chennai
ATM010,TXN0691,168.49,Success,2025-06-26 20:39:00,Chennai
ATM007,TXN0692,4877.05,Success,2025-06-17 17:13:00,Chennai
ATM004,TXN0693,1246.0,Success,2025-06-15 15:06:00,Chennai
ATM019,TXN0694,2710.36,Success,2025-06-25 16:55:00,Kolkata
ATM016,TXN0695,4157.21,Success,2025-06-15 18:21:00,Mumbai
ATM016,TXN0696,286.35,Success,2025-06-29 00:55:00,Mumbai
ATM010,TXN0697,3428.21,Success,2025-06-20 04:03:00,Chennai
ATM016,TXN0698,2625.67,Success,2025-06-08 13:14:00,Mumbai
ATM011,TXN0699,3256.04,Failed,2025-06-25 19:00:00,Delhi
ATM004,TXN0700,3117.39,Success,2025-06-29 16:21:00,Chennai
ATM019,TXN0701,0.0,Success,2025-06-29 19:04:00,Kolkata
ATM005,TXN0702,1119.7,Failed,2025-06-14 12:46:00,Kolkata
ATM010,TXN0703,2022.54,Success,2025-06-04 14:50:00,Chennai
ATM005,TXN0704,972.85,Success,2025-06-18 21:59:00,Kolkata
ATM004,TXN0705,2125.75,Failed,2025-06-27 12:29:00,Chennai
ATM010,TXN0706,3964.32,Success,2025-06-14 00:49:00,Chennai
ATM018,TXN0707,4580.73,Success,2025-06-26 07:48:00,Delhi
ATM019,TXN0708,0.0,Success,2025-06-14 01:16:00,Kolkata
ATM011,TXN0709,3546.12,Success,2025-06-24 18:56:00,Delhi
ATM019,TXN0710,2159.2,Success,2025-06-15 07:28:00,Kolkata
ATM002,TXN0711,2292.12,Success,2025-06-23 08:09:00,Kolkata
ATM006,TXN0712,274.04,Success,2025-06-29 07:44:00,Bengaluru
ATM013,TXN0713,3266.32,Failed,2025-06-04 17:30:00,Delhi
ATM016,TXN0714,3689.07,Success,2025-06-28 07:32:00,Mumbai
ATM018,TXN0715,2088.44,Success,2025-06-09 01:21:00,Delhi
ATM019,TXN0716,270.74,Success,2025-06-23 14:12:00,Kolkata
ATM013,TXN0717,1850.52,Success,2025-06-10 21:18:00,Delhi
ATM017,TXN0718,0.0,Success,2025-06-25 05:43:00,Kolkata
ATM014,TXN0719,729.91,Success,2025-06-26 12:36:00,Mumbai
ATM010,TXN0720,0.0,Success,2025-06-14 22:36:00,Chennai
ATM017,TXN0721,4692.47,Success,2025-06-30 14:20:00,Kolkata
ATM005,TXN0722,3952.18,Success,2025-06-01 22:19:00,Kolkata
ATM014,TXN0723,4261.41,Success,2025-06-10 01:32:00,Mumbai
ATM017,TXN0724,701.38,Success,2025-06-27 16:57:00,Kolkata
ATM002,TXN0725,3579.8,Success,2025-06-05 07:47:00,Kolkata
ATM001,TXN0726,3955.29,Success,2025-06-02 19:29:00,Delhi
ATM002,TXN0727,1708.85,Failed,2025-06-27 07:59:00,Kolkata
ATM020,TXN0728,973.69,Success,2025-06-24 10:04:00,Bengaluru
ATM016,TXN0729,4088.56,Success,2025-06-11 21:50:00,Mumbai
ATM005,TXN0730,3689.06,Success,2025-06-09 02:58:00,Kolkata
ATM003,TXN0731,2904.55,Success,2025-06-28 19:02:00,Chennai
ATM005,TXN0732,2944.41,Success,2025-06-18 21:52:00,Kolkata
ATM019,TXN0733,0.0,Success,2025-06-13 05:16:00,Kolkata
ATM002,TXN0734,2250.83,Success,2025-06-29 14:49:00,Kolkata
ATM002,TXN0735,4284.76,Success,2025-06-28 03:06:00,Kolkata
ATM020,TXN0736,3645.99,Success,2025-06-17 15:42:00,Bengaluru
ATM011,TXN0737,4413.58,Success,2025-06-17 04:51:00,Delhi
ATM009,TXN0738,841.31,Success,2025-06-14 05:10:00,Kolkata
ATM002,TXN0739,1205.15,Success,2025-06-09 19:53:00,Kolkata
ATM016,TXN0740,2094.68,Success,2025-06-03 12:28:00,Mumbai
ATM012,TXN0741,661.23,Success,2025-06-25 17:11:00,Mumbai
ATM015,TXN0742,1882.88,Success,2025-06-21 03:46:00,Kolkata
ATM018,TXN0743,596.89,Success,2025-06-14 17:00:00,Delhi
ATM006,TXN0744,1977.08,Success,2025-06-08 03:27:00,Bengaluru
ATM005,TXN0745,2815.58,Success,2025-06-10 13:59:00,Kolkata
ATM011,TXN0746,3426.12,Success,2025-06-15 13:48:00,Delhi
ATM008,TXN0747,0.0,Success,2025-06-07 12:25:00,Chennai
ATM011,TXN0748,3522.95,Success,2025-06-13 11:26:00,Delhi
ATM010,TXN0749,0.0,Success,2025-06-17 11:02:00,Chennai
ATM014,TXN0750,617.31,Success,2025-06-05 06:27:00,Mumbai
ATM001,TXN0751,1926.12,Success,2025-06-19 13:08:00,Delhi
ATM003,TXN0752,2365.85,Success,2025-06-01 02:25:00,Chennai
ATM020,TXN0753,3318.88,Success,2025-06-11 21:30:00,Bengaluru
ATM016,TXN0754,3813.17,Success,2025-06-02 11:21:00,Mumbai
ATM019,TXN0755,635.68,Success,2025-06-30 22:34:00,Kolkata
ATM007,TXN0756,3632.22,Success,2025-06-04 16:20:00,Chennai
ATM017,TXN0757,923.57,Success,2025-06-12 06:58:00,Kolkata
ATM015,TXN0758,3238.34,Success,2025-06-25 12:10:00,Kolkata
ATM002,TXN0759,2558.86,Success,2025-06-16 23:08:00,Kolkata
ATM013,TXN0760,3212.53,Success,2025-06-15 21:59:00,Delhi
ATM017,TXN0761,1374.6,Success,2025-06-05 23:06:00,Kolkata
ATM010,TXN0762,1957.49,Success,2025-06-04 23:35:00,Chennai
ATM004,TXN0763,3126.2,Success,2025-06-04 03:37:00,Chennai
ATM012,TXN0764,158.35,Pending,2025-06-11 03:48:00,Mumbai
ATM017,TXN0765,1015.86,Failed,2025-06-26 05:09:00,Kolkata
ATM004,TXN0766,4580.13,Success,2025-06-29 11:48:00,Chennai
ATM008,TXN0767,0.0,Success,2025-06-20 18:30:00,Chennai
ATM020,TXN0768,1080.71,Success,2025-06-18 23:27:00,Bengaluru
ATM008,TXN0769,2039.71,Success,2025-06-25 12:23:00,Chennai
ATM012,TXN0770,3054.42,Success,2025-06-16 05:23:00,Mumbai
ATM017,TXN0771,3071.92,Success,2025-06-26 15:02:00,Kolkata
ATM020,TXN0772,3827.19,Success,2025-06-15 01:10:00,Bengaluru
ATM012,TXN0773,4455.85,Success,2025-06-01 04:25:00,Mumbai
ATM013,TXN0774,160.24,Success,2025-06-29 10:20:00,Delhi
ATM003,TXN0775,2282.72,Success,2025-06-10 07:59:00,Chennai
ATM019,TXN0776,2311.08,Success,2025-06-20 10:09:00,Kolkata
ATM004,TXN0777,0.0,Success,2025-06-23 01:11:00,Chennai
ATM017,TXN0778,4097.11,Success,2025-06-12 21:16:00,Kolkata
ATM013,TXN0779,3324.29,Pending,2025-06-18 08:21:00,Delhi
ATM002,TXN0780,0.0,Success,2025-06-03 16:00:00,Kolkata
ATM013,TXN0781,2152.49,Success,2025-06-02 08:33:00,Delhi
ATM011,TXN0782,741.2,Success,2025-06-20 00:15:00,Delhi
ATM013,TXN0783,1525.13,Success,2025-06-22 11:59:00,Delhi
ATM016,TXN0784,4596.67,Success,2025-06-23 05:40:00,Mumbai
ATM010,TXN0785,2963.89,Success,2025-06-23 18:27:00,Chennai
ATM016,TXN0786,2434.3,Success,2025-06-17 22:44:00,Mumbai
ATM017,TXN0787,1007.06,Success,2025-06-07 08:04:00,Kolkata
ATM011,TXN0788,2103.2,Success,2025-06-07 12:35:00,Delhi
ATM009,TXN0789,2969.71,Success,2025-06-09 22:52:00,Kolkata
ATM015,TXN0790,3513.27,Success,2025-06-23 17:12:00,Kolkata
ATM011,TXN0791,4413.51,Success,2025-06-26 07:50:00,Delhi
ATM004,TXN0792,3856.08,Success,2025-06-18 17:21:00,Chennai
ATM009,TXN0793,2756.66,Success,2025-06-30 04:32:00,Kolkata
ATM002,TXN0794,819.0,Success,2025-06-24 19:22:00,Kolkata
ATM006,TXN0795,980.54,Success,2025-06-26 02:11:00,Bengaluru
ATM011,TXN0796,1412.01,Success,2025-06-17 01:53:00,Delhi
ATM016,TXN0797,199.05,Success,2025-06-21 21:23:00,Mumbai
ATM002,TXN0798,0.0,Failed,2025-06-17 01:00:00,Kolkata
ATM017,TXN0799,2636.96,Success,2025-06-22 21:36:00,Kolkata
ATM016,TXN0800,3312.22,Pending,2025-06-19 06:28:00,Mumbai
ATM013,TXN0801,1814.59,Pending,2025-06-20 10:42:00,Delhi
ATM011,TXN0802,4401.4,Success,2025-06-22 21:25:00,Delhi
ATM006,TXN0803,1991.41,Success,2025-06-03 02:27:00,Bengaluru
ATM002,TXN0804,4984.66,Success,2025-06-04 12:37:00,Kolkata
ATM019,TXN0805,4908.87,Success,2025-06-01 16:59:00,Kolkata
ATM019,TXN0806,2767.64,Failed,2025-06-19 03:10:00,Kolkata
ATM008,TXN0807,0.0,Success,2025-06-18 05:01:00,Chennai
ATM009,TXN0808,1582.32,Failed,2025-06-28 13:57:00,Kolkata
ATM012,TXN0809,0.0,Success,2025-06-25 22:06:00,Mumbai
ATM016,TXN0810,508.56,Success,2025-06-07 15:58:00,Mumbai
ATM005,TXN0811,1254.91,Pending,2025-06-11 12:24:00,Kolkata
ATM006,TXN0812,3031.95,Success,2025-06-15 21:20:00,Bengaluru
ATM009,TXN0813,0.0,Success,2025-06-12 13:28:00,Kolkata
ATM016,TXN0814,3636.88,Success,2025-06-18 06:57:00,Mumbai
ATM013,TXN0815,741.71,Success,2025-06-30 05:07:00,Delhi
ATM015,TXN0816,355.26,Success,2025-06-01 20:07:00,Kolkata
ATM016,TXN0817,0.0,Success,2025-06-28 03:17:00,Mumbai
ATM020,TXN0818,1215.91,Success,2025-06-11 06:00:00,Bengaluru
ATM020,TXN0819,1600.93,Success,2025-06-06 12:52:00,Bengaluru
ATM013,TXN0820,0.0,Success,2025-06-04 20:18:00,Delhi
ATM007,TXN0821,4772.02,Success,2025-06-06 01:56:00,Chennai
ATM007,TXN0822,2025.79,Success,2025-06-22 03:42:00,Chennai
ATM019,TXN0823,3326.57,Success,2025-06-16 10:20:00,Kolkata
ATM001,TXN0824,3374.32,Success,2025-06-01 06:13:00,Delhi
ATM019,TXN0825,4091.52,Success,2025-06-17 19:44:00,Kolkata
ATM018,TXN0826,0.0,Success,2025-06-25 05:05:00,Delhi
ATM004,TXN0827,3364.9,Success,2025-06-29 12:54:00,Chennai
ATM005,TXN0828,1288.13,Success,2025-06-04 04:03:00,Kolkata
ATM016,TXN0829,4531.17,Success,2025-06-07 10:49:00,Mumbai
ATM016,TXN0830,0.0,Success,2025-06-30 15:23:00,Mumbai
ATM015,TXN0831,1013.1,Success,2025-06-22 13:19:00,Kolkata
ATM008,TXN0832,1299.12,Success,2025-06-06 23:17:00,Chennai
ATM006,TXN0833,3653.43,Success,2025-06-21 13:48:00,Bengaluru
ATM008,TXN0834,3077.7,Success,2025-06-05 16:39:00,Chennai
ATM017,TXN0835,4305.8,Success,2025-06-14 09:28:00,Kolkata
ATM010,TXN0836,1971.27,Success,2025-06-27 05:05:00,Chennai
ATM012,TXN0837,832.63,Success,2025-06-18 02:28:00,Mumbai
ATM014,TXN0838,0.0,Success,2025-06-15 04:26:00,Mumbai
ATM019,TXN0839,4392.3,Success,2025-06-22 17:55:00,Kolkata
ATM016,TXN0840,2925.9,Success,2025-06-10 13:14:00,Mumbai
ATM016,TXN0841,402.51,Success,2025-06-21 07:12:00,Mumbai
ATM015,TXN0842,3689.08,Success,2025-06-30 20:43:00,Kolkata
ATM020,TXN0843,425.39,Success,2025-06-20 09:30:00,Bengaluru
ATM008,TXN0844,0.0,Success,2025-06-19 19:30:00,Chennai
ATM007,TXN0845,0.0,Success,2025-06-24 11:57:00,Chennai
ATM002,TXN0846,366.07,Success,2025-06-09 09:26:00,Kolkata
ATM015,TXN0847,3304.33,Success,2025-06-23 15:24:00,Kolkata
ATM016,TXN0848,2139.46,Success,2025-06-22 22:54:00,Mumbai
ATM013,TXN0849,4169.33,Success,2025-06-24 14:46:00,Delhi
ATM013,TXN0850,4000.9,Success,2025-06-08 04:05:00,Delhi
ATM013,TXN0851,4404.26,Success,2025-06-06 23:03:00,Delhi
ATM004,TXN0852,1834.3,Success,2025-06-12 10:12:00,Chennai
ATM008,TXN0853,3858.85,Success,2025-06-18 02:45:00,Chennai
ATM016,TXN0854,1636.3,Success,2025-06-21 04:54:00,Mumbai
ATM005,TXN0855,1817.02,Success,2025-06-26 08:39:00,Kolkata
ATM014,TXN0856,2706.1,Success,2025-06-05 03:21:00,Mumbai
ATM016,TXN0857,2069.61,Success,2025-06-29 05:09:00,Mumbai
ATM017,TXN0858,0.0,Success,2025-06-10 08:18:00,Kolkata
ATM001,TXN0859,2898.27,Success,2025-06-04 01:39:00,Delhi
ATM019,TXN0860,1609.57,Pending,2025-06-13 01:40:00,Kolkata
ATM008,TXN0861,4774.21,Success,2025-06-05 16:33:00,Chennai
ATM017,TXN0862,0.0,Success,2025-06-25 07:12:00,Kolkata
ATM014,TXN0863,3200.19,Success,2025-06-25 22:14:00,Mumbai
ATM020,TXN0864,3521.81,Success,2025-06-09 07:42:00,Bengaluru
ATM005,TXN0865,4462.27,Success,2025-06-27 14:24:00,Kolkata
ATM015,TXN0866,4216.88,Failed,2025-06-16 03:20:00,Kolkata
ATM002,TXN0867,1413.38,Pending,2025-06-28 21:36:00,Kolkata
ATM012,TXN0868,3343.97,Failed,2025-06-19 17:46:00,Mumbai
ATM016,TXN0869,236.53,Success,2025-06-23 21:12:00,Mumbai
ATM011,TXN0870,0.0,Success,2025-06-16 11:14:00,Delhi
ATM004,TXN0871,1074.87,Success,2025-06-18 23:43:00,Chennai
ATM011,TXN0872,3849.9,Success,2025-06-29 11:54:00,Delhi
ATM003,TXN0873,1557.23,Failed,2025-06-28 06:56:00,Chennai
ATM017,TXN0874,1101.26,Pending,2025-06-30 15:03:00,Kolkata
ATM012,TXN0875,2916.41,Success,2025-06-26 02:09:00,Mumbai
ATM012,TXN0876,1260.1,Success,2025-06-01 17:09:00,Mumbai
ATM002,TXN0877,4601.55,Success,2025-06-29 13:23:00,Kolkata
ATM004,TXN0878,813.8,Pending,2025-06-02 01:42:00,Chennai
ATM020,TXN0879,4296.15,Success,2025-06-12 14:35:00,Bengaluru
ATM012,TXN0880,1294.91,Success,2025-06-03 05:07:00,Mumbai
ATM009,TXN0881,2688.89,Pending,2025-06-11 00:19:00,Kolkata
ATM015,TXN0882,1078.32,Failed,2025-06-18 19:20:00,Kolkata
ATM011,TXN0883,1555.26,Success,2025-06-13 02:22:00,Delhi
ATM018,TXN0884,916.01,Success,2025-06-12 05:38:00,Delhi
ATM003,TXN0885,4369.16,Success,2025-06-20 15:16:00,Chennai
ATM019,TXN0886,1794.34,Success,2025-06-09 21:24:00,Kolkata
ATM004,TXN0887,1240.59,Success,2025-06-25 22:53:00,Chennai
ATM011,TXN0888,3434.87,Success,2025-06-24 17:46:00,Delhi
ATM019,TXN0889,2094.45,Success,2025-06-15 23:10:00,Kolkata
ATM008,TXN0890,1138.51,Success,2025-06-09 22:35:00,Chennai
ATM020,TXN0891,1756.62,Failed,2025-06-03 11:45:00,Bengaluru
ATM008,TXN0892,4172.12,Success,2025-06-17 23:38:00,Chennai
ATM008,TXN0893,1688.65,Failed,2025-06-27 04:01:00,Chennai
ATM018,TXN0894,1001.74,Success,2025-06-19 15:47:00,Delhi
ATM011,TXN0895,4474.2,Success,2025-06-27 00:30:00,Delhi
ATM011,TXN0896,4298.99,Success,2025-06-12 17:13:00,Delhi
ATM015,TXN0897,0.0,Failed,2025-06-21 00:36:00,Kolkata
ATM009,TXN0898,0.0,Failed,2025-06-01 22:19:00,Kolkata
ATM001,TXN0899,2588.57,Success,2025-06-24 00:05:00,Delhi
ATM011,TXN0900,536.94,Success,2025-06-01 21:23:00,Delhi
ATM005,TXN0901,2925.0,Success,2025-06-05 05:48:00,Kolkata
ATM005,TXN0902,2258.88,Success,2025-06-05 06:11:00,Kolkata
ATM018,TXN0903,0.0,Success,2025-06-12 04:24:00,Delhi
ATM011,TXN0904,0.0,Success,2025-06-30 02:45:00,Delhi
ATM009,TXN0905,937.12,Pending,2025-06-22 14:10:00,Kolkata
ATM015,TXN0906,3951.67,Success,2025-06-20 18:58:00,Kolkata
ATM013,TXN0907,1118.55,Success,2025-06-26 18:41:00,Delhi
ATM008,TXN0908,2017.57,Success,2025-06-14 23:06:00,Chennai
ATM007,TXN0909,0.0,Success,2025-06-24 02:22:00,Chennai
ATM014,TXN0910,2546.44,Success,2025-06-30 01:27:00,Mumbai
ATM004,TXN0911,1597.49,Success,2025-06-19 22:06:00,Chennai
ATM019,TXN0912,2667.63,Failed,2025-06-10 15:04:00,Kolkata
ATM020,TXN0913,2062.13,Success,2025-06-07 00:00:00,Bengaluru
ATM014,TXN0914,4396.87,Success,2025-06-03 13:14:00,Mumbai
ATM020,TXN0915,4885.57,Success,2025-06-25 05:33:00,Bengaluru
ATM010,TXN0916,0.0,Success,2025-06-20 20:40:00,Chennai
ATM003,TXN0917,2572.09,Success,2025-06-26 02:56:00,Chennai
ATM013,TXN0918,4088.44,Success,2025-06-11 11:41:00,Delhi
ATM003,TXN0919,4336.38,Success,2025-06-05 20:16:00,Chennai
ATM014,TXN0920,168.55,Success,2025-06-06 20:58:00,Mumbai
ATM005,TXN0921,0.0,Success,2025-06-30 17:19:00,Kolkata
ATM006,TXN0922,1056.12,Success,2025-06-18 10:37:00,Bengaluru
ATM005,TXN0923,4704.91,Success,2025-06-22 13:27:00,Kolkata
ATM008,TXN0924,4289.64,Success,2025-06-26 08:32:00,Chennai
ATM015,TXN0925,2705.04,Success,2025-06-24 11:03:00,Kolkata
ATM003,TXN0926,1350.99,Failed,2025-06-05 06:16:00,Chennai
ATM019,TXN0927,3017.3,Success,2025-06-10 09:30:00,Kolkata
ATM015,TXN0928,1313.84,Success,2025-06-20 05:28:00,Kolkata
ATM009,TXN0929,1212.52,Success,2025-06-05 15:41:00,Kolkata
ATM020,TXN0930,4572.4,Success,2025-06-04 06:16:00,Bengaluru
ATM003,TXN0931,781.43,Success,2025-06-23 00:14:00,Chennai
ATM001,TXN0932,4769.46,Failed,2025-06-01 02:22:00,Delhi
ATM017,TXN0933,2952.0,Success,2025-06-20 02:14:00,Kolkata
ATM012,TXN0934,0.0,Success,2025-06-12 10:42:00,Mumbai
ATM017,TXN0935,0.0,Success,2025-06-05 19:50:00,Kolkata
ATM017,TXN0936,2039.79,Success,2025-06-26 19:07:00,Kolkata
ATM003,TXN0937,1619.5,Pending,2025-06-29 15:28:00,Chennai
ATM019,TXN0938,1011.4,Success,2025-06-02 00:57:00,Kolkata
ATM014,TXN0939,817.0,Success,2025-06-21 21:50:00,Mumbai
ATM015,TXN0940,2919.29,Success,2025-06-19 22:56:00,Kolkata
ATM011,TXN0941,2677.35,Success,2025-06-28 14:50:00,Delhi
ATM016,TXN0942,3941.15,Success,2025-06-29 14:51:00,Mumbai
ATM006,TXN0943,2771.6,Success,2025-06-09 18:52:00,Bengaluru
ATM016,TXN0944,1755.31,Success,2025-06-02 01:47:00,Mumbai
ATM016,TXN0945,4538.01,Success,2025-06-11 22:52:00,Mumbai
ATM017,TXN0946,4699.13,Success,2025-06-24 12:59:00,Kolkata
ATM007,TXN0947,1760.75,Success,2025-06-26 12:58:00,Chennai
ATM014,TXN0948,2913.4,Success,2025-06-16 06:33:00,Mumbai
ATM010,TXN0949,1629.09,Success,2025-06-21 22:13:00,Chennai
ATM014,TXN0950,0.0,Pending,2025-06-13 02:36:00,Mumbai
ATM005,TXN0951,0.0,Success,2025-06-04 04:29:00,Kolkata
ATM003,TXN0952,2546.85,Success,2025-06-01 11:58:00,Chennai
ATM007,TXN0953,3992.17,Success,2025-06-17 12:35:00,Chennai
ATM014,TXN0954,467.12,Success,2025-06-26 07:39:00,Mumbai
ATM014,TXN0955,3440.39,Success,2025-06-20 13:38:00,Mumbai
ATM016,TXN0956,4758.99,Success,2025-06-03 07:43:00,Mumbai
ATM013,TXN0957,3376.72,Failed,2025-06-13 05:02:00,Delhi
ATM002,TXN0958,1464.01,Success,2025-06-20 00:40:00,Kolkata
ATM002,TXN0959,3560.24,Success,2025-06-07 20:52:00,Kolkata
ATM019,TXN0960,594.03,Success,2025-06-11 16:19:00,Kolkata
ATM014,TXN0961,4834.91,Success,2025-06-01 19:43:00,Mumbai
ATM014,TXN0962,3142.67,Success,2025-06-07 16:20:00,Mumbai
ATM012,TXN0963,0.0,Success,2025-06-22 09:46:00,Mumbai
ATM016,TXN0964,1354.29,Success,2025-06-13 22:17:00,Mumbai
ATM010,TXN0965,4447.37,Success,2025-06-18 04:44:00,Chennai
ATM016,TXN0966,0.0,Success,2025-06-10 14:50:00,Mumbai
ATM014,TXN0967,4922.27,Failed,2025-06-01 20:26:00,Mumbai
ATM015,TXN0968,1143.72,Success,2025-06-11 20:45:00,Kolkata
ATM009,TXN0969,1335.03,Success,2025-06-16 22:25:00,Kolkata
ATM016,TXN0970,4376.77,Failed,2025-06-05 12:26:00,Mumbai
ATM005,TXN0971,4783.83,Success,2025-06-16 07:01:00,Kolkata
ATM010,TXN0972,396.73,Failed,2025-06-02 22:44:00,Chennai
ATM016,TXN0973,4856.78,Success,2025-06-06 02:32:00,Mumbai
ATM005,TXN0974,4122.2,Success,2025-06-30 10:37:00,Kolkata
ATM014,TXN0975,3064.72,Success,2025-06-05 23:04:00,Mumbai
ATM010,TXN0976,3204.08,Success,2025-06-03 03:37:00,Chennai
ATM006,TXN0977,4365.39,Success,2025-06-18 23:47:00,Bengaluru
ATM011,TXN0978,0.0,Success,2025-06-19 00:05:00,Delhi
ATM010,TXN0979,0.0,Success,2025-06-29 01:05:00,Chennai
ATM019,TXN0980,2546.21,Success,2025-06-23 23:36:00,Kolkata
ATM007,TXN0981,1917.45,Success,2025-06-24 00:12:00,Chennai
ATM003,TXN0982,3023.64,Success,2025-06-06 18:06:00,Chennai
ATM009,TXN0983,188.83,Success,2025-06-26 07:48:00,Kolkata
ATM019,TXN0984,1464.59,Success,2025-06-06 20:00:00,Kolkata
ATM010,TXN0985,4484.68,Success,2025-06-19 13:32:00,Chennai
ATM017,TXN0986,3064.73,Success,2025-06-27 22:01:00,Kolkata
ATM016,TXN0987,3324.05,Success,2025-06-11 02:28:00,Mumbai
ATM011,TXN0988,4824.35,Success,2025-06-22 17:36:00,Delhi
ATM007,TXN0989,977.68,Failed,2025-06-16 11:39:00,Chennai
ATM017,TXN0990,2884.79,Success,2025-06-23 10:17:00,Kolkata
ATM017,TXN0991,0.0,Success,2025-06-04 13:22:00,Kolkata
ATM013,TXN0992,3764.45,Success,2025-06-24 14:55:00,Delhi
ATM011,TXN0993,1234.55,Success,2025-06-04 01:59:00,Delhi
ATM002,TXN0994,4337.26,Success,2025-06-17 04:56:00,Kolkata
ATM018,TXN0995,0.0,Success,2025-06-10 02:09:00,Delhi
ATM018,TXN0996,4625.33,Success,2025-06-21 21:58:00,Delhi
ATM018,TXN0997,4024.13,Success,2025-06-29 15:31:00,Delhi
ATM010,TXN0998,3969.23,Failed,2025-06-15 08:27:00,Chennai
ATM004,TXN0999,3254.86,Success,2025-06-13 16:44:00,Chennai
ATM007,TXN1000,4825.49,Success,2025-06-25 06:39:00,Chennai
